<?xml version="1.0" encoding="utf-8"?>

<!--
This file is subject to the terms and conditions defined in the "LICENSE.txt"
file, which is part of this source code package and is also available on the
page: https://raw.githubusercontent.com/ocmod-space/license/main/LICENSE.txt.
-->

<modification>
	<name>#ocmod.space | Live Product &lt; Enhanced Options</name>
	<code>live-product--enhanced-options</code>
	<version>1.5.0</version>
	<author>Andrii Burkatskyi aka underr</author>
	<link>https://www.opencart.com/index.php?route=marketplace/extension&amp;filter_member=ocmod.space</link>

	<file path="catalog/controller/extension/module/live_product.php" error="log">
		<operation error="log">
			<search info="">
				<![CDATA[isset($this->settings['text'][$language_id])]]>
			</search>
			<add position="before">
				<![CDATA[			/// << Live Product < Enhanced Options
			$eo_status = $this->config->get('module_enhanced_options_status');
			$eo_settings = $this->config->get('module_enhanced_options');

			$this->flexible_options = $eo_status ? $eo_settings['flexible_options'] : false;
			$this->labels = $eo_status ? $eo_settings['labels'] : false;
			$this->flat_rate = $eo_status ? $eo_settings['flat_rate'] : false;

			if ($eo_status) {
				foreach ($eo_settings['text'][$language_id] as $key => $value) {
					$this->{'text_' . $key} = $value;
				}
			}
			/// >> Live Product < Enhanced Options]]>
			</add>
		</operation>
		<operation error="log">
			<search info="">
				<![CDATA[$price = (float)$product_info['price'];]]>
			</search>
			<add position="after">
				<![CDATA[			$co = 1;  /// Live Product < Enhanced Options]]>
			</add>
		</operation>
		<operation error="log">
			<search info="">
				<![CDATA[$special = (float)$product_info['special'];]]>
			</search>
			<add position="after">
				<![CDATA[				$co = $this->flexible_options ? $special / $price : 1;  /// Live Product < Enhanced Options]]>
			</add>
		</operation>
		<operation error="log">
			<search info="">
				<![CDATA[$dt[$discount['quantity']] = 0]]>
			</search>
			<add position="after">
				<![CDATA[					$discount['co'] = $this->flexible_options ? $discount['price'] / $product_info['price'] : 1;  /// Live Product < Enhanced Options]]>
			</add>
		</operation>
		<operation error="log">
			<search info="">
				<![CDATA[$dq = $discount['quantity'];]]>
			</search>
			<add position="after">
				<![CDATA[						$co = $this->flexible_options ? $price / $product_info['price'] : 1;  /// Live Product < Enhanced Options]]>
			</add>
		</operation>

		<operation error="log">
			<search index="0" info="">
				<![CDATA[$opr = (float)$pov['price'];]]>
			</search>
			<add position="after">
				<![CDATA[							$opr *= $dq ? $co : 1;  /// Live Product < Enhanced Options]]>
				<!-- <![CDATA[							$opr *= ($co != 1) ? $co : 1;  /// Live Product < Enhanced Options]]> -->
			</add>
		</operation>

		<operation error="log" info="free">
			<search info="">
				<![CDATA[if ($prpf == '=') {]]>
			</search>
			<add position="after">
				<![CDATA[										$is_free_option = true;  /// << Live Product < Enhanced Options]]>
			</add>
		</operation>

		<operation error="log">
			<search info="">
				<![CDATA[$ptpf = $pov['points_prefix'];]]>
			</search>
			<add position="after">
				<![CDATA[							$oopr = false;  /// Live Product < Enhanced Options
							$is_free_option = false;  /// Live Product < Enhanced Options]]>
			</add>
		</operation>

		<operation error="log">
			<search info="">
				<![CDATA[$otx = $config_tax ? 'P' : false;]]>
			</search>
			<add position="after">
				<![CDATA[								/// << Live Product < Enhanced Options
								if (isset($pov['original_price'])) {
									$oopr = $this->currency->format(
										$this->tax->calculate($opr / $co, $product_info['tax_class_id'], $otx),
										$this->session->data['currency']
									);

									$oopr = $prpf . $oopr;
								}
								/// >> Live Product < Enhanced Options]]>
			</add>
		</operation>

		<operation error="log" info="free/preorder/original/sale">
			<search info="">
				<![CDATA[$selected = $this->isSelected]]>
			</search>
			<add position="before">
				<![CDATA[							/// << Live Product < Enhanced Options
							if (!$this->hide_price) {
								if ($oopr && $opr && $this->text_original_price) {
									if ('select' == $po['type']) {
										$pov_data[] = array(
											'name'                    => $pov['name'],
											'option_value_id'         => $pov['option_value_id'],
											'points'                  => $opt,
											'points_prefix'           => $ptpf,
											'price'                   => $oopr . ' - ' . $this->text_original_price,
											'price_prefix'            => $prpf,
											'product_option_value_id' => $pov['product_option_value_id'] . '-disabled',
										);

										if ($this->text_new_price) {
											$opr = $opr .  ' - ' . $this->text_new_price;
										}
									} elseif ('checkbox' == $po['type'] || 'radio' == $po['type']) {
										$opr .= ' <span class="option-original-price" style="text-decoration:line-through;">' .
											$oopr . '</span>';
									}
								}

								if ($is_free_option && $this->labels && $this->text_free_option) {
									$opr = $this->text_free_option;
								}
							}

							if (!$osub
								&& $oqty == 0
								&& !$is_free_option
								&& $this->labels
								&& $this->text_preorder_option
							) {
								$opr .= ', ' . $this->text_preorder_option;
							}
							/// >> Live Product < Enhanced Options]]>
			</add>
		</operation>

		<operation error="log">
			<search info="">
				<![CDATA[=> $opr,]]>
			</search>
			<add position="after">
				<![CDATA[								'original_price' => $oopr, /// Live Product < Enhanced Options]]>
			</add>
		</operation>

		<!-- <operation error="log">
			<search info="">
				<![CDATA[($this->hide_price || !$opr) ? '' : $prpf . $opr]]>
			</search>
			<add position="replace">
				<![CDATA[($this->hide_price || !$opr) ? '' : $prpf . $opr . ((!$oopr || $po['type'] == 'select') ? '' : ' <span class="option-price-old" style="text-decoration:line-through;">' . $oopr . '</span>')]]>
			</add>
		</operation> -->

		<operation error="log">
			<search info="">
				<![CDATA[$opr_total, $opr, $prpf]]>
			</search>
			<add position="replace">
				<![CDATA[$opr_total, $opr / $co, $prpf]]>
			</add>
		</operation>

		<operation error="log">
			<search info="">
				<![CDATA[$dt[$d['quantity']], $opr, $prpf]]>
			</search>
			<add position="replace">
				<![CDATA[$dt[$d['quantity']], $opr * $d['co'], $prpf]]>
			</add>
		</operation>

		<operation error="log">
			<search info="">
				<![CDATA[$osp_total, $opr, $prpf]]>
			</search>
			<add position="replace">
				<![CDATA[$osp_total, $dq ? $opr * $co : $opr, $prpf]]>
			</add>
		</operation>
	</file>

	<file path="catalog/controller/extension/module/live_product.php" error="log">
		<operation error="log">
			<search>
				<![CDATA[foreach ($product_options as $po) {]]>
			</search>
			<add position="after">
				<![CDATA[					/// << Live Product < Enhanced Options(flat rate)
					if ($this->flat_rate && isset($po['flat_rate'])) {
						$is_flat_rate = $po['flat_rate'];
					} else {
						$is_flat_rate = false;
					}
					/// >> Live Product < Enhanced Options(flat rate)]]>
			</add>
		</operation>
		<operation error="log">
			<search>
				<![CDATA[if ($this->product_total && $this->option_total) {]]>
			</search>
			<add position="replace">
				<![CDATA[if ($this->product_total && $this->option_total && !$is_flat_rate) {  /// Live Product < Enhanced Options(flat rate)]]>
			</add>
		</operation>

		<operation error="log">
			<search>
				<![CDATA[if (is_array($post_option))]]>
			</search>
			<add position="before">
				<![CDATA[								/// << Live Product < Enhanced Options(flat rate)
								if ($is_flat_rate) {
									$opr /= $qty;
									$opt = round($opt / $qty);
								}
								/// >> Live Product < Enhanced Options(flat rate)]]>
			</add>
		</operation>

		<operation error="log">
			<search>
				<![CDATA[=> $po['required'],]]>
			</search>
			<add position="after">
				<![CDATA[						'flat_rate'           => isset($po['flat_rate']) ? $po['flat_rate'] : false, /// Ehanced Options+(flat rate)]]>
			</add>
		</operation>
	</file>
</modification>
