<?xml version="1.0" encoding="utf-8"?>

<!--
This file is subject to the terms and conditions defined in the "EULA.txt"
file, which is part of this source code package and is also available on the
page: https://raw.githubusercontent.com/ocmod-space/license/main/EULA.txt.
-->

<modification>
	<name>#ocmod.space | Live Product Ultimate</name>
	<code>live-product--ultimate</code>
	<version>3.4.1</version>
	<author>Andrii Burkatskyi aka underr</author>
	<link>https://www.opencart.com/index.php?route=marketplace/extension&amp;filter_member=ocmod.space</link>

	<file path="admin/controller/extension/module/live_product.php" error="log">
		<operation error="log" info="add variables">
			<search>
				<![CDATA['live-option']]>
			</search>
			<add position="after">
				<![CDATA[
		'weight_id'       => 'live-weight',
		'shortage_id'     => 'live-shortage',]]>
			</add>
		</operation>

		<operation error="log" info="add variables">
			<search>
				<![CDATA['product_total']]>
			</search>
			<add position="replace">
				<![CDATA['product_total', 'weight_total']]>
			</add>
		</operation>

		<operation error="log" info="add variables">
			<search>
				<![CDATA['hide_prefix']]>
			</search>
			<add position="replace">
				<![CDATA['hide_prefix', 'option_points', 'option_weight', 'option_qty', 'option_hints']]>
			</add>
		</operation>

		<operation error="log" info="add variables">
			<search>
				<![CDATA['jslog']]>
			</search>
			<add position="replace">
				<![CDATA['occache', 'jslog']]>
			</add>
		</operation>

		<operation error="log" info="add variables">
			<search>
				<![CDATA['noprice']]>
			</search>
			<add position="replace">
				<![CDATA['noprice', 'points']]>
			</add>
		</operation>
	</file>

	<file path="admin/language/en-gb/extension/module/live_product.php" error="log">
		<operation error="log">
			<search>
				<![CDATA[entry_tax_id]]>
			</search>
			<add position="after">
				<![CDATA[
$_['entry_weight_total'] = 'Weight';
$_['entry_option_points'] = 'Points';
$_['entry_option_qty'] = 'Quantity';
$_['entry_option_weight'] = 'Weight';
$_['entry_option_hints'] = 'Option hints';
$_['entry_occache'] = 'Cache';
$_['entry_text_points'] = 'Points';
$_['help_weight_total'] = 'Show weight of product and selected options';
$_['help_option_points'] = 'Show option points';
$_['help_option_qty'] = 'Show available quantity of options in stock';
$_['help_option_hints'] = 'Display additional option data (quantity, weight, points) as popover tooltip';
$_['help_option_weight'] = 'Show weight of options';
$_['help_option_hints'] = 'Show option points, weight and availability in hints';
$_['help_occache'] = 'Use OC cache to store data about products and options and reduce SQL queries';
$_['entry_weight_id'] = 'Weight';
$_['entry_shortage_id'] = 'Shortage report';
$_['help_shortage_id'] = '#id of product option shortage report container';
]]>
			</add>
		</operation>
		<operation error="log">
			<search>
				<![CDATA[Live Product]]>
			</search>
			<add position="replace">
				<![CDATA[Live Product Ultimate]]>
			</add>
		</operation>
	</file>

	<file path="admin/view/template/extension/module/live_product.{tpl,twig}" error="log">
		<operation error="log">
			<search>
				<![CDATA[36005]]>
			</search>
			<add position="replace">
				<![CDATA[35460]]>
			</add>
		</operation>
	</file>

	<file path="catalog/controller/extension/module/live_product.php" error="log">
		<operation error="log">
			<search>
				<![CDATA[if (isset($this->settings['text'][$language_id])) {]]>
			</search>
			<add position="before">
				<![CDATA[			/// << Live Product Ultimate
			// $this->load->language('checkout/cart','live_product');
			// $this->text_error_stock = $this->language->get('live_product')->get('error_stock');
			$this->load->language('checkout/cart');
			$this->text_error_stock = $this->language->get('error_stock');

			// $this->load->language('extension/shipping/weight', 'live_product');
			// $this->text_weight = $this->language->get('live_product')->get('text_weight');
			$this->load->language('extension/shipping/weight');
			$this->text_weight = $this->language->get('text_weight');

			// $this->load->language('product/product','live_product');
			// $this->text_instock = $this->language->get('live_product')->get('text_instock');
			$this->load->language('product/product');
			$this->text_instock = $this->language->get('text_instock');
			/// >> Live Product Ultimate
			]]>
			</add>
		</operation>
	</file>

	<file path="catalog/controller/extension/module/live_product.php" error="log" info="cache">
		<operation error="log">
			<search>
				<![CDATA[public function index() {]]>
			</search>
			<add position="after">
				<![CDATA[		/// << Live Product Ultimate
		if ($this->occache && $this->request->post) {
			$json = $this->cache->get('product.live_product.' . md5(serialize($this->request->post)));
		}
		/// >> Live Product Ultimate

		if (!$this->occache || empty($json)) {  /// Live Product Ultimate]]>
			</add>
		</operation>

		<operation error="log">
			<search>
				<![CDATA[$json['success'] = true;]]>
			</search>
			<add position="after">
				<![CDATA[
			/// << Live Product Ultimate
			if ($this->occache) {
				$json['cache'] = true;
				$this->cache->set('product.live_product.' . md5(serialize($this->request->post)), $json);

				$json['cache'] = false;
			}
			/// >> Live Product Ultimate]]>
			</add>
		</operation>

		<operation error="log">
			<search>
				<![CDATA[$this->response->addHeader('Content-Type: application/json');]]>
			</search>
			<add position="before">
				<![CDATA[		}  /// Live Product Ultimate]]>
			</add>
		</operation>
	</file>

	<file path="catalog/controller/extension/module/live_product.php" error="log" info="product weight">
		<operation error="log">
			<search>
				<![CDATA[$data['live_product']['id'] = $this->settings['id'];]]>
			</search>
			<add position="after">
				<![CDATA[
				/// << Live Product Ultimate
				if ($this->weight_total) {
					$data['live_product']['weight_total'] = true;

					$data['text_weight'] = $this->text_weight;
				} else {
					$data['live_product']['weight_total'] = false;
				}
				/// >> Live Product Ultimate]]>
			</add>
		</operation>

		<operation error="log">
			<search>
				<![CDATA[$points = (int)$product_info['points'] ?: 0;]]>
			</search>
			<add position="after">
				<![CDATA[			$weight = ((float)$product_info['weight']) ?: 0;  /// Live Product Ultimate]]>
			</add>
		</operation>

		<operation error="log">
			<search>
				<![CDATA[$opr_total = $osp_total = $opt_total = 0]]>
			</search>
			<add position="replace">
				<![CDATA[$opr_total = $osp_total = $opt_total = $owt_total = 0;  /// Live Product Ultimate]]>
			</add>
		</operation>

		<operation error="log">
			<search>
				<![CDATA[$epr = $ept = false;]]>
			</search>
			<add position="replace">
				<![CDATA[$epr = $ept =  $eqweight = false;  /// Live Product Ultimate]]>
			</add>
		</operation>

		<operation error="log">
			<search>
				<![CDATA[$ptpf = $pov['points_prefix'];]]>
			</search>
			<add position="after">
				<![CDATA[							$owt = (float)$pov['weight'];  /// Live Product Ultimate
							$wtpf = $pov['weight_prefix'];  /// Live Product Ultimate]]>
			</add>
		</operation>

		<operation error="log">
			<search>
				<![CDATA[if ($option == $pov['product_option_value_id']) {]]>
			</search>
			<add position="after">
				<![CDATA[											/// << Live Product Ultimate
											if ($owt) {
												$owt_total = $this->getOptionTotal($owt_total, $owt, $wtpf);
											}
											/// >> Live Product Ultimate]]>
			</add>
		</operation>

		<operation error="log">
			<search>
				<![CDATA[if ($post_option == $pov['product_option_value_id']) {]]>
			</search>
			<add position="after">
				<![CDATA[										/// << Live Product Ultimate
										if ($owt) {
											if ($wtpf === '=') {
												$eqweight = true;
											}

											$owt_total = $this->getOptionTotal($owt_total, $owt, $wtpf);
										}
										/// >> Live Product Ultimate]]>
			</add>
		</operation>

		<operation error="log">
			<search>
				<![CDATA[=> $ptpf,]]>
			</search>
			<add position="after">
				<![CDATA[								'weight'                  => $owt,  /// Live Product Ultimate
								'weight_prefix'           => $wtpf,  /// Live Product Ultimate]]>
			</add>
		</operation>

		<operation error="log">
			<search>
				<![CDATA[if ($ept) {]]>
			</search>
			<add position="before">
				<![CDATA[					/// << Live Product Ultimate
					if ($eqweight) {
						$weight = $owt_total;
					} else {
						$weight += $owt_total;
					}
					/// >> Live Product Ultimate]]>
			</add>
		</operation>

		<operation error="log">
			<search>
				<![CDATA[$json['product']['points'] = $this->product_total ? $points * $qty : $points;]]>
			</search>
			<add position="before">
				<![CDATA[			/// << Live Product Ultimate
			if ($weight) {
				$json['product']['weight'] = $this->weight->format(
					($this->product_total && $this->weight_total) ? $weight *  $qty : $weight,
					$product_info['weight_class_id'],
					$this->language->get('decimal_point'),
					$this->language->get('thousand_point')
				);
			} else {
				$json['product']['weight'] = '-';
			}

			if ($weight && $this->product_total && $this->qty_hint && $qty > 1) {
				$weight = $this->weight->format($weight,
					$product_info['weight_class_id'],
					$this->language->get('decimal_point'),
					$this->language->get('thousand_point')
				);

				$json['product']['weight'] .= ' (' . $weight . '*' . $qty . ')';
			}
			/// >> Live Product Ultimate]]>
			</add>
		</operation>

		<operation error="log">
			<search>
				<![CDATA[var g_option_id]]>
			</search>
			<add position="after">
				<![CDATA[var g_weight_id = g_content_id + ' ' + '#{$this->weight_id}';  /// Live Product Ultimate]]>
			</add>
		</operation>

		<operation error="log">
			<search>
				<![CDATA[if (json.product.points) {]]>
			</search>
			<add position="before">
				<![CDATA[    /// << Live Product Ultimate
    if (json.product.weight) {
        showEl(g_weight_id, json.product.weight);
    }
    /// >> Live Product Ultimate]]>
			</add>
		</operation>
	</file>

	<file path="catalog/controller/extension/module/live_product.php" error="log" info="option info">
		<operation error="log">
			<search>
				<![CDATA[$pov_data[] = array(]]>
			</search>
			<add position="before">
				<![CDATA[
							/// << Live Product Ultimate
							$_i = array();

							if ($this->option_points && $opt) {
								if ($this->hide_prefix && $po['type'] !== 'checkbox') {
									if ($ptpf === '+') {
										$opt = $points + $opt;
									} elseif ($ptpf === '-') {
										$opt = $points - $opt;
									}

									$ptpf = '';
								}

								if ($this->product_total && $this->option_total) {
									$opt *= $qty;
								}

								$_i[] = $ptpf . $opt . $this->text_points;
							}

							if ($this->option_weight && $owt) {
								if ($this->hide_prefix && $po['type'] !== 'checkbox') {
									if ($wtpf === '+') {
										$owt = $weight + $owt;
									} elseif ($wtpf === '-') {
										$owt = $weight - $owt;
									}

									$wtpf = '';
								}

								if ($this->product_total && $this->option_total) {
									$owt *= $qty;
								}

								$owt = $this->weight->format(
									$owt,
									$product_info['weight_class_id'],
									$this->language->get('decimal_point'),
									$this->language->get('thousand_point')
								);

								$_i[] = $wtpf . $owt;
							}

							if ($this->option_qty && $oqty && $osub) {
								$_i[] = strtolower($this->text_instock) . ': ' .  $oqty;
							}

							$_i = join(', ', $_i);

							/// >> Live Product Ultimate]]>
			</add>
		</operation>

		<operation error="log">
			<search>
				<![CDATA[=> $osub]]>
			</search>
			<add position="after">
				<![CDATA[								'_i'                      => $_i,  /// Live Product Ultimate]]>
			</add>
		</operation>
	</file>

	<file path="catalog/controller/extension/module/live_product.php" error="log" info="option hints">
		<operation error="log">
			<search>
				<![CDATA[var g_product_id = String('{$product_id}');]]>
			</search>
			<add position="after">
				<![CDATA[var g_option_hints = Boolean(Number('{$this->option_hints}'));  /// Live Product Ultimate]]>
			</add>
		</operation>

		<operation error="log">
			<search>
				<![CDATA[text = option_value.price ? '(' + option_value.price + ')' : text;]]>
			</search>
			<add position="replace">
				<![CDATA[/// << Live Product Ultimate
					if (option_value._i) {
						if (option_value.price) {
							if (option_type !== 'select' && g_option_hints) {
								text = '(' + option_value.price + ')' + '&nbsp;' +
								'<span data-html="true" data-trigger="hover" data-toggle="tooltip" data-placement="top" data-original-title="' +
								option_value._i +
								'"><i class="fa fa-info-circle" aria-hidden="true"></i></span>';
							} else {
								text = '(' + option_value.price + ', ' + option_value._i + ')';
							}
						} else {
							if (option_type !== 'select' && g_option_hints) {
								text = '<span data-html="true" data-trigger="hover" data-toggle="tooltip" data-placement="top" data-original-title="' +
								option_value._i +
								'"><i class="fa fa-info-circle" aria-hidden="true"></i></span>';
							} else {
								text = '(' + option_value._i + ')';
							}
						}
					} else {
						text = option_value.price ? '(' + option_value.price + ')' : text;
					}
					/// >> Live Product Ultimate]]>
			</add>
		</operation>
		<operation error="log">
			<search>
				<![CDATA[$(document).ready]]>
			</search>
			<add position="before">
				<![CDATA[
/// << Live Product Ultimate
// Remove hints by events
if (g_option_hints) {
	$('body')
		.tooltip({
			selector: '[data-toggle="tooltip"], [title]:not([data-toggle="popover"])',
			trigger: 'hover',
			container: 'body'
		})
		.on('click mousedown mouseup', '[data-toggle="tooltip"], [title]:not([data-toggle="popover"])', function () {
			$('[data-toggle="tooltip"], [title]:not([data-toggle="popover"])')
				.tooltip('destroy');
		});

    $('html > head').append($('<style>.tooltip-inner { text-align: left; }</style>'));
}
/// >> Live Product Ultimate]]>
			</add>
		</operation>
	</file>

	<file path="catalog/controller/extension/module/live_product.php" error="log" info="shortage report">
		<operation error="log">
			<search>
				<![CDATA[var g_weight_id]]>
			</search>
			<add position="after">
				<![CDATA[
var g_shortage_id = g_content_id  + ' ' + '#{$this->shortage_id}';  /// Live Product Ultimate
var g_text_error_stock = '{$this->text_error_stock}';  /// Live Product Ultimate]]>
			</add>
		</operation>
		<operation error="log">
			<search>
				<![CDATA[var g_product_total = Boolean(Number('{$this->product_total}'));]]>
			</search>
			<add position="after">
				<![CDATA[var g_option_qty = Boolean(Number('{$this->option_qty}'));  /// Live Product Ultimate]]>
			</add>
		</operation>
		<operation error="log">
			<search>
				<![CDATA[function showOptions(json) {]]>
			</search>
			<add position="after">
				<![CDATA[    var is_error_stock = false;  /// Live Product Ultimate]]>
			</add>
		</operation>
		<operation error="log">
			<search>
				<![CDATA[showEl(id, text)]]>
			</search>
			<add position="before">
				<![CDATA[
					/// << Live Product Ultimate
					if (option_value.quantity < json.product.quantity && !!option_value.subtract && g_option_qty) {
						is_error_stock = true;
						text += '&nbsp;<sup>***</sup>';
					}
					/// >> Live Product Ultimate]]>
			</add>
		</operation>
		<operation error="log">
			<search>
				<![CDATA[showEl(id, text)]]>
			</search>
			<add position="after" offset="4">
				<![CDATA[
		/// << Live Product Ultimate
		if (is_error_stock) {
			showEl(g_shortage_id, g_text_error_stock);
		} else {
			showEl(g_shortage_id);
		}
		/// >> Live Product Ultimate]]>
			</add>
		</operation>
	</file>
	<file path="catalog/view/theme/*/template/product/product.{tpl,twig}" error="log">
		<operation error="log" info="v3.x">
			<ignoreif regex="false" info=""><![CDATA[<?php]]></ignoreif>
			<search>
				<![CDATA[{{ text_option }}]]>
			</search>
			<add position="after">
				<![CDATA[            {% if live_product.status %}<div id="{{ live_product.id.shortage_id }}" class="alert alert-info" style="display: none;"></div>{% endif %}]]>
			</add>
		</operation>

		<operation error="log" info="v3.x">
			<ignoreif regex="false" info=""><![CDATA[<?php]]></ignoreif>
			<search>
				<![CDATA[{{ text_stock }}]]>
			</search>
			<add position="after">
				<![CDATA[
				{% if live_product.status and live_product.weight_total %}<li>{{ text_weight }} <span id="{{ live_product.id.weight_id }}"></span></li>{% endif %}]]>
			</add>
		</operation>

		<operation error="log" info="v2.x">
			<ignoreif regex="false" info=""><![CDATA[{%]]></ignoreif>
			<search>
				<![CDATA[<?php echo $text_option; ?>]]>
			</search>
			<add position="after">
				<![CDATA[<?php if ($live_product['status']) { ?><div id="<?php echo $live_product['id']['shortage_id']; ?>" class="alert alert-info" style="display: none;"></div><?php } ?>]]>
			</add>
		</operation>

		<operation error="log" info="v2.x">
			<ignoreif regex="false" info=""><![CDATA[{%]]></ignoreif>
			<search>
				<![CDATA[<?php echo $text_stock; ?>]]>
			</search>
			<add position="after">
				<![CDATA[
				<?php if ($live_product['status'] && !empty($live_product['weight_total'])) { ?><li><?php echo $text_weight; ?><span id="<?php echo $live_product['id']['weight_id']; ?>"></span></li><?php } ?>]]>
			</add>
		</operation>
	</file>
</modification>
