<?xml version="1.0" encoding="utf-8"?>

<!--
This file is subject to the terms and conditions defined in the "LICENSE.txt"
file, which is part of this source code package and is also available on the
page: https://raw.githubusercontent.com/ocmod-space/license/main/LICENSE.txt.
-->

<modification>
	<name>#ocmod.space | Live Product Ultimate + Error Stock (Fix)</name>
	<code>live-product-ultimate--error-stock</code>
	<version>1.0.0</version>
	<author>Andrii Burkatskyi aka underr</author>
	<link>https://www.opencart.com/index.php?route=marketplace/extension&amp;filter_member=ocmod.space</link>

	<file path="catalog/controller/extension/module/live_product.php" error="log">
		<operation error="log">
			<search>
				<![CDATA[!!option_value.subtract && g_option_qty]]>
			</search>
			<add position="replace">
				<![CDATA[!!option_value.subtract]]>
			</add>
		</operation>
	</file>
</modification>
