<?xml version="1.0" encoding="utf-8"?>

<!--
This file is subject to the terms and conditions defined in the "LICENSE.txt"
file, which is part of this source code package and is also available on the
page: https://raw.githubusercontent.com/ocmod-space/license/main/LICENSE.txt.
-->

<modification>
	<name>#ocmod.space | Live Product &lt; Product Option Image</name>
	<code>live-product--product-option-image</code>
	<version>1.2.0</version>
	<author>Andrii Burkatskyi aka underr</author>
	<link>https://www.opencart.com/index.php?route=marketplace/extension&amp;filter_member=ocmod.space</link>

	<file path="catalog/controller/extension/module/live_product.php" error="log">
		<operation error="log">
			<search>
				<![CDATA['[id^="input-option"] input[type="radio"]',]]>
			</search>
			<add position="after">
				<![CDATA[	'li.option-value', /// Compatibility with Product Option Image PRO]]>
			</add>
		</operation>
		<operation error="log">
			<search>
				<![CDATA[g_content_id + ' [name="quantity"]',]]>
			</search>
			<add position="after">
				<![CDATA[		g_content_id + ' .option-value.option-value-checked input:checked', /// Compatibility with Product Option Image PRO]]>
			</add>
		</operation>
	</file>
</modification>
