<?xml version="1.0" encoding="utf-8"?>

<!--
This file is subject to the terms and conditions defined in the "LICENSE.txt"
file, which is part of this source code package and is also available on the
page: https://raw.githubusercontent.com/ocmod-space/license/main/LICENSE.txt.
-->

<modification>
	<name>#ocmod.space | Live Product | eMarket</name>
	<code>live-product--emarket</code>
	<version>1.1.0</version>
	<author>Andrii Burkatskyi aka underr</author>
	<link>https://www.opencart.com/index.php?route=marketplace/extension&amp;filter_member=ocmod.space</link>

	<file path="catalog/view/theme/{so-emarket,so-mobile}/template/product/product.twig" error="log">
		<operation error="log" info="">
			<search>
				<![CDATA[ajax_price()]]>
			</search>
			<add position="replace">
				<![CDATA[// ajax_price();]]>
			</add>
		</operation>
	</file>

</modification>
